{
  "estimator": "diff_diff.SyntheticDiD",
  "att": 3.8511543949937037,
  "se": 0.07353072701051364,
  "unit_weights": [
    0.06844766719995163,
    0.06771370130247295,
    0.05782734386887281,
    0.05723403414130465,
    0.055897248228927034,
    0.055309320925513356,
    0.049183228827882994,
    0.04222561975542998,
    0.040091814544887194,
    0.0357634224214646,
    0.03543627599749817,
    0.03496985048960502,
    0.03362634700681802,
    0.03253328001096794,
    0.032394699069303125,
    0.0322572137523442,
    0.028915043488058956,
    0.02665391310739385,
    0.02280608260421716,
    0.022044146365550143,
    0.017467728391207575,
    0.0170343634413148,
    0.016581259116899373,
    0.01600937279796002,
    0.01549587258566812,
    0.011688833666025984,
    0.011595349491256625,
    0.01110437328166198,
    0.010330356395746006,
    0.009879667649510128,
    0.009422835177427334,
    0.00904047806726787,
    0.005686823549809706,
    0.004639730885044113,
    0.002119087503302365,
    0.0005736148914343081,
    0.0,
    0.0,
    0.0,
    0.0
  ],
  "time_weights": [
    0.06661313984854922,
    0.07738349199322862,
    0.052649259120391374,
    0.06283346458886081,
    0.08908241038950258,
    0.06871978020399386,
    0.08328433984197366,
    0.08202967204977707,
    0.05041129164260504,
    0.0612465291710668,
    0.058014934094295506,
    0.054337422482012045,
    0.054956236492276114,
    0.07354100788218934,
    0.06489702019927804
  ],
  "timing": {
    "estimation_seconds": 0.879432875,
    "total_seconds": 0.879432875
  },
  "metadata": {
    "n_control": 40,
    "n_treated": 10,
    "n_pre_periods": 15,
    "n_post_periods": 5,
    "n_bootstrap": 50
  }
}