{
  "estimator": "diff_diff.TwoWayFixedEffects",
  "type": "twfe",
  "cluster": "unit",
  "att": 5.112121239838551,
  "se": 0.1832049096632967,
  "pvalue": 1.5674124936299067e-95,
  "ci_lower": 4.751945405703385,
  "ci_upper": 5.472297073973717,
  "model_stats": {
    "n_obs": 400,
    "n_units": 100,
    "n_periods": 4
  },
  "timing": {
    "estimation_seconds": 0.002271750000000017,
    "total_seconds": 0.002271750000000017
  },
  "metadata": {
    "n_units": 100,
    "n_periods": 4,
    "n_obs": 400
  }
}