{
  "estimator": "synthdid::synthdid_estimate",
  "att": 3.840403981,
  "se": 0.099332103714,
  "unit_weights": [0.028705622769, 0.025321214189, 0.020527405826, 0.027352407647, 0.030804801588, 0.024149826669, 0.024119493243, 0.02593282912, 0.018817803992, 0.022105231012, 0.028611936635, 0.017702631164, 0.025225118889, 0.022526406723, 0.023565576184, 0.023315666187, 0.023131516681, 0.024097312733, 0.023623687235, 0.019985535913, 0.02626169234, 0.030784917914, 0.024235651692, 0.025143313945, 0.027319511337, 0.024929657057, 0.024868692194, 0.020665806044, 0.031405460161, 0.026265938102, 0.019771252411, 0.023413867494, 0.020342695546, 0.027529934726, 0.022288533247, 0.030711927735, 0.032304563335, 0.024734404661, 0.029482177898, 0.027917977762],
  "time_weights": [0.022508733201, 0.15763594171, 0.16403168405, 0, 0.052417489064, 0.25777634792, 0, 0.11960350774, 0.067619490579, 0, 0.090821869053, 0, 0.062924004205, 0.0046609324789, 0],
  "timing": {
    "estimation_seconds": 0.040052175522,
    "se_seconds": 6.8351159096,
    "total_seconds": 6.8751680851
  },
  "metadata": {
    "r_version": "R version 4.5.2 (2025-10-31)",
    "synthdid_version": "0.0.9",
    "n_control": 40,
    "n_treated": 10,
    "n_pre_periods": 15,
    "n_post_periods": 5
  }
}
